id,nombre,fechaP,fechaD
1496,Pepe,2024-03-12T14:32:21,2024-03-25T14:32:21
4694,Hugo,2024-06-11T08:24:12,2024-06-26T18:12:03
5247,Ana,2024-01-15T10:15:30,2024-02-01T16:45:12
7521,Carlos,2024-02-10T12:20:45,2024-03-12T09:30:20
3489,Luis,2024-04-02T08:35:50,2024-05-01T18:10:33
1924,Marta,2024-05-08T14:50:12,2024-06-15T11:25:48
6742,Pablo,2024-06-18T09:10:25,2024-07-23T19:40:15
9865,Lucía,2024-07-25T17:30:05,2024-08-21T08:55:30
1537,Clara,2024-08-02T07:45:40,2024-09-15T13:25:45
3496,Ricardo,2024-09-05T11:20:33,2024-10-10T10:15:27
5187,Elena,2024-10-10T14:00:10,2024-11-05T18:45:55
6149,Juan,2024-11-15T08:40:22,2024-12-10T17:20:48
2731,Silvia,2024-03-14T16:50:30,2024-04-05T10:30:21
4920,David,2024-04-21T12:15:55,2024-05-30T13:10:03
7618,Carmen,2024-05-12T14:05:45,2024-06-20T19:40:32
3164,Fernando,2024-06-09T17:30:35,2024-07-15T14:50:50
8274,Laura,2024-07-03T11:15:22,2024-08-10T08:20:40
9372,Daniel,2024-08-14T13:50:12,2024-09-20T12:40:25
1529,Patricia,2024-09-10T09:20:30,2024-10-12T16:25:50
3580,Raúl,2024-10-22T07:35:45,2024-11-20T10:45:10
4873,Nuria,2024-11-03T16:10:22,2024-12-05T14:15:33
6254,Oscar,2024-12-19T18:50:40,2025-01-15T08:30:12
